{
    "name": "root",
    "gauges": {
        "MazeAgent.Policy.Entropy.mean": {
            "value": 3.6305441856384277,
            "min": 3.5700418949127197,
            "max": 3.6305441856384277,
            "count": 20
        },
        "MazeAgent.Policy.Entropy.sum": {
            "value": 36305.44140625,
            "min": 35700.41796875,
            "max": 36305.44140625,
            "count": 20
        },
        "MazeAgent.Step.mean": {
            "value": 199984.0,
            "min": 9984.0,
            "max": 199984.0,
            "count": 20
        },
        "MazeAgent.Step.sum": {
            "value": 199984.0,
            "min": 9984.0,
            "max": 199984.0,
            "count": 20
        },
        "MazeAgent.Policy.ExtrinsicValueEstimate.mean": {
            "value": -0.3643248677253723,
            "min": -0.3643248677253723,
            "max": 0.409796804189682,
            "count": 20
        },
        "MazeAgent.Policy.ExtrinsicValueEstimate.sum": {
            "value": -58.29197692871094,
            "min": -58.29197692871094,
            "max": 65.1576919555664,
            "count": 20
        },
        "MazeAgent.Environment.EpisodeLength.mean": {
            "value": 1999.0,
            "min": 1999.0,
            "max": 1999.0,
            "count": 20
        },
        "MazeAgent.Environment.EpisodeLength.sum": {
            "value": 9995.0,
            "min": 9995.0,
            "max": 9995.0,
            "count": 20
        },
        "MazeAgent.Environment.CumulativeReward.mean": {
            "value": -6.919825171679259,
            "min": -8.734204745292663,
            "max": -5.05215355977416,
            "count": 20
        },
        "MazeAgent.Environment.CumulativeReward.sum": {
            "value": -34.59912585839629,
            "min": -43.67102372646332,
            "max": -25.204991046339273,
            "count": 20
        },
        "MazeAgent.Policy.ExtrinsicReward.mean": {
            "value": -6.919825171679259,
            "min": -8.734204745292663,
            "max": -5.05215355977416,
            "count": 20
        },
        "MazeAgent.Policy.ExtrinsicReward.sum": {
            "value": -34.59912585839629,
            "min": -43.67102372646332,
            "max": -25.204991046339273,
            "count": 20
        },
        "MazeAgent.IsTraining.mean": {
            "value": 1.0,
            "min": 1.0,
            "max": 1.0,
            "count": 20
        },
        "MazeAgent.IsTraining.sum": {
            "value": 1.0,
            "min": 1.0,
            "max": 1.0,
            "count": 20
        },
        "MazeAgent.Losses.PolicyLoss.mean": {
            "value": 0.01316533838204729,
            "min": 0.009256377100731092,
            "max": 0.023943081925002236,
            "count": 19
        },
        "MazeAgent.Losses.PolicyLoss.sum": {
            "value": 0.01316533838204729,
            "min": 0.009256377100731092,
            "max": 0.023943081925002236,
            "count": 19
        },
        "MazeAgent.Losses.ValueLoss.mean": {
            "value": 0.008750090996424357,
            "min": 0.005191009084228426,
            "max": 0.014414159736285606,
            "count": 19
        },
        "MazeAgent.Losses.ValueLoss.sum": {
            "value": 0.008750090996424357,
            "min": 0.005191009084228426,
            "max": 0.014414159736285606,
            "count": 19
        },
        "MazeAgent.Policy.LearningRate.mean": {
            "value": 0.00018306243897920003,
            "min": 0.00018306243897920003,
            "max": 0.00029384640205119995,
            "count": 19
        },
        "MazeAgent.Policy.LearningRate.sum": {
            "value": 0.00018306243897920003,
            "min": 0.00018306243897920003,
            "max": 0.00029384640205119995,
            "count": 19
        },
        "MazeAgent.Policy.Epsilon.mean": {
            "value": 0.1610208,
            "min": 0.1610208,
            "max": 0.1979488,
            "count": 19
        },
        "MazeAgent.Policy.Epsilon.sum": {
            "value": 0.1610208,
            "min": 0.1610208,
            "max": 0.1979488,
            "count": 19
        },
        "MazeAgent.Policy.Beta.mean": {
            "value": 0.0030549379200000004,
            "min": 0.0030549379200000004,
            "max": 0.004897645120000001,
            "count": 19
        },
        "MazeAgent.Policy.Beta.sum": {
            "value": 0.0030549379200000004,
            "min": 0.0030549379200000004,
            "max": 0.004897645120000001,
            "count": 19
        }
    },
    "metadata": {
        "timer_format_version": "0.1.0",
        "start_time_seconds": "1682441309",
        "python_version": "3.8.0 (tags/v3.8.0:fa919fd, Oct 14 2019, 19:37:50) [MSC v.1916 64 bit (AMD64)]",
        "command_line_arguments": "C:\\Users\\paul\\AppData\\Local\\Programs\\Python\\Python38\\Scripts\\mlagents-learn maze_config.yaml --run-id=trainedmodelmaze6 --initialize-from=freshtrainingset1",
        "mlagents_version": "0.29.0",
        "mlagents_envs_version": "0.29.0",
        "communication_protocol_version": "1.5.0",
        "pytorch_version": "2.0.0+cpu",
        "numpy_version": "1.19.5",
        "end_time_seconds": "1682442690"
    },
    "total": 1380.5307321,
    "count": 1,
    "self": 10.008534800000007,
    "children": {
        "run_training.setup": {
            "total": 0.11958700000000011,
            "count": 1,
            "self": 0.11958700000000011
        },
        "TrainerController.start_learning": {
            "total": 1370.4026103,
            "count": 1,
            "self": 4.423196100021187,
            "children": {
                "TrainerController._reset_env": {
                    "total": 9.9828946,
                    "count": 1,
                    "self": 9.9828946
                },
                "TrainerController.advance": {
                    "total": 1355.859539199979,
                    "count": 200361,
                    "self": 4.0802315999803795,
                    "children": {
                        "env_step": {
                            "total": 1283.9182724000257,
                            "count": 200361,
                            "self": 980.5255918000007,
                            "children": {
                                "SubprocessEnvManager._take_step": {
                                    "total": 300.5465613000299,
                                    "count": 200361,
                                    "self": 10.214620300057277,
                                    "children": {
                                        "TorchPolicy.evaluate": {
                                            "total": 290.33194099997263,
                                            "count": 200361,
                                            "self": 68.95341369996919,
                                            "children": {
                                                "TorchPolicy.sample_actions": {
                                                    "total": 221.37852730000344,
                                                    "count": 200361,
                                                    "self": 221.37852730000344
                                                }
                                            }
                                        }
                                    }
                                },
                                "workers": {
                                    "total": 2.846119299995035,
                                    "count": 200360,
                                    "self": 0.0,
                                    "children": {
                                        "worker_root": {
                                            "total": 1354.0045301000175,
                                            "count": 200360,
                                            "is_parallel": true,