{
    "name": "root",
    "gauges": {
        "MazeAgent.Policy.Entropy.mean": {
            "value": 3.619035243988037,
            "min": 3.582643747329712,
            "max": 3.622824192047119,
            "count": 20
        },
        "MazeAgent.Policy.Entropy.sum": {
            "value": 36190.3515625,
            "min": 35826.4375,
            "max": 36228.2421875,
            "count": 20
        },
        "MazeAgent.Step.mean": {
            "value": 199984.0,
            "min": 9984.0,
            "max": 199984.0,
            "count": 20
        },
        "MazeAgent.Step.sum": {
            "value": 199984.0,
            "min": 9984.0,
            "max": 199984.0,
            "count": 20
        },
        "MazeAgent.Policy.ExtrinsicValueEstimate.mean": {
            "value": -0.32983455061912537,
            "min": -0.32983455061912537,
            "max": 0.40946000814437866,
            "count": 20
        },
        "MazeAgent.Policy.ExtrinsicValueEstimate.sum": {
            "value": -52.773529052734375,
            "min": -52.773529052734375,
            "max": 65.10414123535156,
            "count": 20
        },
        "MazeAgent.Environment.EpisodeLength.mean": {
            "value": 1999.0,
            "min": 1999.0,
            "max": 1999.0,
            "count": 20
        },
        "MazeAgent.Environment.EpisodeLength.sum": {
            "value": 9995.0,
            "min": 9995.0,
            "max": 9995.0,
            "count": 20
        },
        "MazeAgent.Environment.CumulativeReward.mean": {
            "value": -7.3073895394802095,
            "min": -7.398249956965446,
            "max": -7.054439228773117,
            "count": 20
        },
        "MazeAgent.Environment.CumulativeReward.sum": {
            "value": -36.53694769740105,
            "min": -36.99124978482723,
            "max": -28.58389513194561,
            "count": 20
        },
        "MazeAgent.Policy.ExtrinsicReward.mean": {
            "value": -7.3073895394802095,
            "min": -7.398249956965446,
            "max": -7.054439228773117,
            "count": 20
        },
        "MazeAgent.Policy.ExtrinsicReward.sum": {
            "value": -36.53694769740105,
            "min": -36.99124978482723,
            "max": -28.58389513194561,
            "count": 20
        },
        "MazeAgent.IsTraining.mean": {
            "value": 1.0,
            "min": 1.0,
            "max": 1.0,
            "count": 20
        },
        "MazeAgent.IsTraining.sum": {
            "value": 1.0,
            "min": 1.0,
            "max": 1.0,
            "count": 20
        },
        "MazeAgent.Losses.PolicyLoss.mean": {
            "value": 0.01064473096630536,
            "min": 0.00777714997335958,
            "max": 0.02165490121114999,
            "count": 19
        },
        "MazeAgent.Losses.PolicyLoss.sum": {
            "value": 0.01064473096630536,
            "min": 0.00777714997335958,
            "max": 0.02165490121114999,
            "count": 19
        },
        "MazeAgent.Losses.ValueLoss.mean": {
            "value": 0.010157755731294552,
            "min": 0.008998310348639885,
            "max": 0.01682098807456593,
            "count": 19
        },
        "MazeAgent.Losses.ValueLoss.sum": {
            "value": 0.010157755731294552,
            "min": 0.008998310348639885,
            "max": 0.01682098807456593,
            "count": 19
        },
        "MazeAgent.Policy.LearningRate.mean": {
            "value": 0.00018306243897920003,
            "min": 0.00018306243897920003,
            "max": 0.00029384640205119995,
            "count": 19
        },
        "MazeAgent.Policy.LearningRate.sum": {
            "value": 0.00018306243897920003,
            "min": 0.00018306243897920003,
            "max": 0.00029384640205119995,
            "count": 19
        },
        "MazeAgent.Policy.Epsilon.mean": {
            "value": 0.1610208,
            "min": 0.1610208,
            "max": 0.1979488,
            "count": 19
        },
        "MazeAgent.Policy.Epsilon.sum": {
            "value": 0.1610208,
            "min": 0.1610208,
            "max": 0.1979488,
            "count": 19
        },
        "MazeAgent.Policy.Beta.mean": {
            "value": 0.0030549379200000004,
            "min": 0.0030549379200000004,
            "max": 0.004897645120000001,
            "count": 19
        },
        "MazeAgent.Policy.Beta.sum": {
            "value": 0.0030549379200000004,
            "min": 0.0030549379200000004,
            "max": 0.004897645120000001,
            "count": 19
        }
    },
    "metadata": {
        "timer_format_version": "0.1.0",
        "start_time_seconds": "1682436149",
        "python_version": "3.8.0 (tags/v3.8.0:fa919fd, Oct 14 2019, 19:37:50) [MSC v.1916 64 bit (AMD64)]",
        "command_line_arguments": "C:\\Users\\paul\\AppData\\Local\\Programs\\Python\\Python38\\Scripts\\mlagents-learn maze_config.yaml --run-id=trainedmodelmaze2 --initialize-from=freshtrainingset1",
        "mlagents_version": "0.29.0",
        "mlagents_envs_version": "0.29.0",
        "communication_protocol_version": "1.5.0",
        "pytorch_version": "2.0.0+cpu",
        "numpy_version": "1.19.5",
        "end_time_seconds": "1682437423"
    },
    "total": 1274.0435701000001,
    "count": 1,
    "self": 0.011719300000322619,
    "children": {
        "run_training.setup": {
            "total": 0.09813669999999997,
            "count": 1,
            "self": 0.09813669999999997
        },
        "TrainerController.start_learning": {
            "total": 1273.9337140999999,
            "count": 1,
            "self": 4.129241100016088,
            "children": {
                "TrainerController._reset_env": {
                    "total": 6.669025900000001,
                    "count": 1,
                    "self": 6.669025900000001
                },
                "TrainerController.advance": {
                    "total": 1262.8606994999836,
                    "count": 200682,
                    "self": 3.6986719999324578,
                    "children": {
                        "env_step": {
                            "total": 1194.7256655000238,
                            "count": 200682,
                            "self": 907.0284476000343,
                            "children": {
                                "SubprocessEnvManager._take_step": {
                                    "total": 285.0297669999876,
                                    "count": 200682,
                                    "self": 9.265208399985397,
                                    "children": {
                                        "TorchPolicy.evaluate": {
                                            "total": 275.7645586000022,
                                            "count": 200682,
                                            "self": 64.1993509000194,
                                            "children": {
                                                "TorchPolicy.sample_actions": {
                                                    "total": 211.5652076999828,
                                                    "count": 200682,
                                                    "self": 211.5652076999828
                                                }
                                            }
                                        }
                                    }
                                },
                                "workers": {
                                    "total": 2.66745090000188,
                                    "count": 200681,
                                    "self": 0.0,
                                    "children": {
                                        "worker_root": {
                                            "total": 1261.3259164999934,
                                            "count": 200681,